gpu_type,duration,gpu_count,n,mae,mape,smape,mae_naive,skill,pi_coverage,ensemble_w
H100,1 day,8,1272,0.02733055294082846,1.8342652980421787,1.8512864695054352,0.0,,1.0,0.5
H100,1 day,16,1272,0.028165553899886325,1.8903056308648538,1.9083920769684322,0.0,,1.0,0.5
H100,1 day,32,1272,0.02812327846261035,1.8874683531953251,1.9055044440005724,0.0,,1.0,0.5
H100,1 hour,8,1272,0.008705842082216808,0.6004029022218489,0.6022141833297041,0.0,,1.0,0.5
H100,1 hour,16,1272,0.015405113917509983,1.062421649483447,1.0681482493494792,0.0,,1.0,0.5
H100,1 hour,32,1272,0.00619375571609404,0.43312977035622663,0.43408055840127535,0.0,,1.0,0.5
H200,1 hour,32,1268,0.3690810697097732,25.7229349844295,21.625581838873277,0.0,,0.3333333333333333,0.5
H200,1 hour,16,1268,0.3505820603569447,24.104434144953093,20.467967426060614,0.0,,0.3333333333333333,0.5
H200,1 hour,8,1268,0.34887208873912745,23.989747283452104,20.38299389179057,0.0,,0.3333333333333333,0.5
H200,1 day,32,1268,0.322990246405451,21.608312714926047,18.646023581008293,0.0,,0.3333333333333333,0.5
H200,1 day,16,1268,0.3234193572868958,21.63797730113608,18.667411473673866,0.0,,0.3333333333333333,0.5
H200,1 day,8,1268,0.32289385740331106,21.59996033784767,18.64126079957563,0.0,,0.3333333333333333,0.5
