gpu_type,duration,gpu_count,n,mae,mape,smape,mae_naive,skill,pi_coverage,ensemble_w
H100,1 day,8,260,0.0,0.0,0.0,0.0,,1.0,0.5
H100,1 day,16,260,0.0,0.0,0.0,0.0,,1.0,0.5
H100,1 day,32,260,0.0,0.0,0.0,0.0,,1.0,0.5
H100,1 hour,8,260,0.005151600315746944,0.3695495222826533,0.36862069377095874,0.003333333333333336,-0.5454800947240821,0.6666666666666666,0.22725995263795895
H100,1 hour,16,260,0.00454994619630041,0.3261204699132673,0.3254748185660775,0.003333333333333336,-0.36498385889012175,1.0,0.3175080705549391
H100,1 hour,32,260,0.0022550327850336207,0.16107377035954434,0.161113389946083,0.0,,1.0,0.5
H200,1 hour,32,256,0.05157166840495927,2.565754647012899,2.519069605802579,0.0,,1.0,0.5
H200,1 hour,16,256,0.05245502572830052,2.622751286415026,2.578941812649643,0.0,,1.0,0.5
H200,1 hour,8,256,0.0479378650789366,2.39689325394683,2.358101381677979,0.0,,1.0,0.5
H200,1 day,32,256,0.052379789223056715,2.618989461152836,2.5716063490181433,0.0,,1.0,0.5
H200,1 day,16,256,0.051601571816589864,2.580078590829493,2.5359205849755515,0.0,,1.0,0.5
H200,1 day,8,256,0.06184561747361883,3.0922808736809415,3.0363266197077525,0.0,,1.0,0.5
